"BROKEN","EPIC","FAILED","FEATURE","PASSED","SKIPPED","STORY","UNKNOWN"
"0","Payments","0","Payment creation","4","0","Currencies","0"
"0","Payments","0","Input validation","3","0","Idempotency key validation","0"
"0","Payments","0","Input validation","5","0","Amount boundaries","0"
"0","Payments","0","Web UI","1","0","Rejections","0"
"0","Payments","0","Event publication","1","0","Idempotency","0"
"0","Payments","0","Event publication","1","0","Event emission","0"
"0","Payments","0","Payment creation","2","0","Happy path","0"
"0","Payments","0","Payment creation","1","0","Idempotency","0"
"0","Payments","0","Event publication","1","0","Event contract","0"
"0","Payments","0","Payment creation","2","0","Business rules","0"
"0","Payments","0","Event publication","2","0","Rejections","0"
"0","Payments","0","Event publication","1","0","Lifecycle","0"
"0","Payments","0","Input validation","6","0","Currency validation","0"
"0","Payments","0","Web UI","1","0","Cross-layer","0"
"0","Payments","0","Web UI","1","0","Happy path","0"
"0","Payments","0","Input validation","2","0","Lifecycle","0"
"0","Payments","0","Event publication","1","0","Partitioning","0"
"0","Payments","0","Web UI","1","0","Validation","0"
