"DESCRIPTION","DURATION IN MS","NAME","PARENT SUITE","START TIME","STATUS","STOP TIME","SUB SUITE","SUITE","TEST CLASS","TEST METHOD"
"","19","test_supported_currencies_are_accepted[GBP]","tests.api","2026-09-28","passed","2026-09-28","TestPaymentCreation","test_payment_creation","",""
"","5","test_malformed_idempotency_key_is_rejected[]","tests.api","2026-09-28","passed","2026-09-28","TestPaymentValidation","test_payment_validation","",""
"","5","Amount 1: minimum valid amount","tests.api","2026-09-28","passed","2026-09-28","TestPaymentValidation","test_payment_validation","",""
"","134","test_rejection_reason_is_shown_to_the_user[chromium]","tests.ui","2026-09-28","passed","2026-09-28","TestPaymentFlowUi","test_payment_flow","",""
"A duplicate event here means the customer is notified - or charged - twice.","5198","test_replayed_request_does_not_emit_a_second_event","tests.integration","2026-09-28","passed","2026-09-28","TestPaymentEvents","test_payment_events","",""
"","11","test_created_payment_emits_event","tests.integration","2026-09-28","passed","2026-09-28","TestPaymentEvents","test_payment_events","",""
"","34","test_authorized_payment_is_created","tests.api","2026-09-28","passed","2026-09-28","TestPaymentCreation","test_payment_creation","",""
"A retried request with the same idempotency key must return the original payment and must not charge the customer twice. This is the single most expensive defect class in a payments API.","38","test_replayed_idempotency_key_returns_original_payment","tests.api","2026-09-28","passed","2026-09-28","TestPaymentCreation","test_payment_creation","",""
"","5","Amount 0: zero is not a payment","tests.api","2026-09-28","passed","2026-09-28","TestPaymentValidation","test_payment_validation","",""
"Validates the published payload against an independently-declared schema with extra='forbid'. Both a missing field and an unannounced new field fail this test - schema drift in a payments topic is an incident, not a detail.","19","test_event_matches_published_contract","tests.integration","2026-09-28","passed","2026-09-28","TestPaymentEvents","test_payment_events","",""
"","4","Amount -1: negative amount","tests.api","2026-09-28","passed","2026-09-28","TestPaymentValidation","test_payment_validation","",""
"","6","test_supported_currencies_are_accepted[TRY]","tests.api","2026-09-28","passed","2026-09-28","TestPaymentCreation","test_payment_creation","",""
"","6","test_rejection_carries_a_machine_readable_reason[ACC-EMPTY-0001-INSUFFICIENT_FUNDS]","tests.api","2026-09-28","passed","2026-09-28","TestPaymentCreation","test_payment_creation","",""
"","4","test_malformed_idempotency_key_is_rejected[short]","tests.api","2026-09-28","passed","2026-09-28","TestPaymentValidation","test_payment_validation","",""
"","11","test_supported_currencies_are_accepted[USD]","tests.api","2026-09-28","passed","2026-09-28","TestPaymentCreation","test_payment_creation","",""
"","3","Amount 1000001: one over the limit","tests.api","2026-09-28","passed","2026-09-28","TestPaymentValidation","test_payment_validation","",""
"","5","Amount 1000000: exactly at the limit","tests.api","2026-09-28","passed","2026-09-28","TestPaymentValidation","test_payment_validation","",""
"","18","test_rejected_payment_emits_rejection_event[ACC-EMPTY-0001]","tests.integration","2026-09-28","passed","2026-09-28","TestPaymentEvents","test_payment_events","",""
"","20","test_capture_emits_state_transition_event","tests.integration","2026-09-28","passed","2026-09-28","TestPaymentEvents","test_payment_events","",""
"","5","test_unknown_currency_is_rejected[XXX]","tests.api","2026-09-28","passed","2026-09-28","TestPaymentValidation","test_payment_validation","",""
"","12","test_created_payment_is_retrievable","tests.api","2026-09-28","passed","2026-09-28","TestPaymentCreation","test_payment_creation","",""
"","4","test_unknown_currency_is_rejected[USDD]","tests.api","2026-09-28","passed","2026-09-28","TestPaymentValidation","test_payment_validation","",""
"The only test in the suite that spans all three layers: a click in the browser must end up as an event on the Kafka topic. Everything narrower than this is already covered more cheaply elsewhere.","145","test_ui_submission_reaches_the_event_stream[chromium]","tests.ui","2026-09-28","passed","2026-09-28","TestPaymentFlowUi","test_payment_flow","",""
"","29","test_supported_currencies_are_accepted[EUR]","tests.api","2026-09-28","passed","2026-09-28","TestPaymentCreation","test_payment_creation","",""
"","176","test_user_can_create_a_payment[chromium]","tests.ui","2026-09-28","passed","2026-09-28","TestPaymentFlowUi","test_payment_flow","",""
"","4","test_currency_is_normalised_to_upper_case","tests.api","2026-09-28","passed","2026-09-28","TestPaymentValidation","test_payment_validation","",""
"","3","test_unknown_payment_returns_404","tests.api","2026-09-28","passed","2026-09-28","TestPaymentValidation","test_payment_validation","",""
"","4","test_rejection_carries_a_machine_readable_reason[ACC-RISK-0001-RISK_DECLINED]","tests.api","2026-09-28","passed","2026-09-28","TestPaymentCreation","test_payment_creation","",""
"","3","test_unknown_currency_is_rejected[]","tests.api","2026-09-28","passed","2026-09-28","TestPaymentValidation","test_payment_validation","",""
"","19","test_rejected_payment_emits_rejection_event[ACC-RISK-0001]","tests.integration","2026-09-28","passed","2026-09-28","TestPaymentEvents","test_payment_events","",""
"","5","test_unknown_currency_is_rejected[123]","tests.api","2026-09-28","passed","2026-09-28","TestPaymentValidation","test_payment_validation","",""
"","5","test_unknown_currency_is_rejected[US]","tests.api","2026-09-28","passed","2026-09-28","TestPaymentValidation","test_payment_validation","",""
"Events are keyed by account_id so that Kafka guarantees ordering per account. If the key changes, two payments for one account can be processed out of order downstream and the ledger goes wrong.","18","test_events_are_keyed_by_account_for_ordering","tests.integration","2026-09-28","passed","2026-09-28","TestPaymentEvents","test_payment_events","",""
"","8","test_capturing_a_rejected_payment_conflicts","tests.api","2026-09-28","passed","2026-09-28","TestPaymentValidation","test_payment_validation","",""
"","137","test_over_limit_amount_surfaces_a_validation_error[chromium]","tests.ui","2026-09-28","passed","2026-09-28","TestPaymentFlowUi","test_payment_flow","",""
"","4","test_malformed_idempotency_key_is_rejected[xxxxxxxxxxxxxxxxxxxxxxxxxxxxxxxxxxxxxxxxxxxxxxxxxxxxxxxxxxxxxxxxxxxxxxxxxxxxxxxxxxxxxxxxxxxxxxxxxxxxxxxxxxxxxxxxxxxxxxxxxxxxxxxxx]","tests.api","2026-09-28","passed","2026-09-28","TestPaymentValidation","test_payment_validation","",""
